{"('0', '2', '0000')": [1.9909474587032223, -2.220446049250313e-16, 1.9633921460694816, -2.220446049250313e-16], "('0', '2', '0001')": [1.8076923058913987, -2.220446049250313e-16, 1.9999999999030127, -0.9919], "('0', '2', '0010')": [1.9825427638094582, -3.311336339279322e-09, -0.973, -2.220446049250313e-16], "('0', '2', '0011')": [1.999999999999984, 0, 0, 0], "('0', '2', '0100')": [1.8520511865166704, -0.999999985651093, 1.999999999992541, -2.220446049250313e-16], "('0', '2', '0101')": [1.999999999999964, 0, 0, -0.7], "('0', '2', '0110')": [1.9999999999999996, 0, 0, 0], "('0', '2', '0111')": [1.9999999999979146, 0, 0, 0], "('0', '2', '1000')": [-0.9099999999999999, -2.220446049250313e-16, 1.9878258550027512, -2.220446049250313e-16], "('0', '2', '1001')": [-0.7, -1.7766963937274495e-08, 1.9999999963613124, 0], "('0', '2', '1010')": [-1.0, -1.3454801544120998, -1.0, -1.155], "('0', '2', '1011')": [-0.9999999999999746, -1.2948061271870404, -0.9999999999999153, -0.9999999999999153], "('0', '2', '1100')": [-0.7, 0, 1.9999999997948512, 0], "('0', '2', '1101')": [-0.7, -0.7, 1.9999999999999996, 0], "('0', '2', '1110')": [-0.99999995217031, -0.99999995217031, -0.9999998405677, -1.1550000014927466], "('0', '2', '1111')": [-0.999271, -0.999271, -0.999271, -0.999271], "('0', '3', '0000')": [1.9897964828625034, -2.220446049250313e-16, -2.220446049250313e-16, 1.9999961655486302], "('0', '3', '0001')": [1.9999999576527294, -2.7289490172558803e-06, -2.2204460173893393e-16, -0.973], "('0', '3', '0010')": [1.6076953337960425, -2.220446049250313e-16, -0.9099999999999999, 1.9999999881449537], "('0', '3', '0011')": [1.9999999999999996, 0, 0, 0], "('0', '3', '0100')": [1.9999999108415274, -0.999999468559, -2.220446049250313e-16, 1.884615384615381], "('0', '3', '0101')": [1.9999999893503233, 0, 0, 0], "('0', '3', '0110')": [1.9999969623812681, 0, -0.9099999999999999, 0], "('0', '3', '0111')": [1.9999999999999996, 0, 0, 0], "('0', '3', '1000')": [-0.973, -1.6552679877244812e-14, -2.2204571127258806e-16, 1.9999999954718843], "('0', '3', '1001')": [-1.0, -1.155000000000208, -1.428, -1.0], "('0', '3', '1010')": [-0.7, -2.4247270857813415e-15, -0.7, 1.9999999999999996], "('0', '3', '1011')": [-0.999980317, -1.40595, -0.99993439, -0.99993439], "('0', '3', '1100')": [-0.7, -0.7, -0.973, 1.999998725778044], "('0', '3', '1101')": [-0.9999999999895397, -0.9999999999895397, -1.2915000000000336, -0.9999999999895397], "('0', '3', '1110')": [-0.7, -0.7, -0.7, 1.9999999840525362], "('0', '3', '1111')": [-0.9919, -0.973, -0.973, -0.973], "('0', 'NA', '0000')": [0.9999828688373267, -2.220446049250313e-16, -2.220446049250313e-16, -2.220446049250313e-16], "('0', 'NA', '0001')": [1.9999999932948538, 0, 0, -0.7], "('0', 'NA', '0010')": [1.9999998110516857, 0, 0, 0], "('0', 'NA', '0011')": [1.999999981591333, 0, 0, 0], "('0', 'NA', '0100')": [1.9999999998990972, -0.9919, -2.220446049250313e-16, -2.2204460463828254e-16], "('0', 'NA', '0101')": [1.999999999995174, -0.7, 0, -0.7], "('0', 'NA', '0110')": [1.999999951924095, 0, 0, 0], "('0', 'NA', '0111')": [1.9999999999999996, 0, 0, 0], "('0', 'NA', '1000')": [-0.7, -1.0, -0.10966889128640586, -1.1126464196372321e-09], "('0', 'NA', '1001')": [-1.0, -1.0000002348844976, -1.437765, -1.0], "('0', 'NA', '1010')": [-1.0, -1.430204378429802, -1.0, -1.236297234911307], "('0', 'NA', '1011')": [-0.9919, -1.40595, -0.9919, -0.973], "('0', 'NA', '1100')": [-0.973, -0.973, -0.973, -5.3554491306062596e-08], "('0', 'NA', '1101')": [-0.7, -0.7, -2.3472833749360683e-11, -0.7], "('0', 'NA', '1110')": [-0.7, -0.7, -0.7, -0.00017083299339252156], "('0', 'NA', '1111')": [-0.9099999999999999, -0.7, -0.7, -0.7], "('1', '2', '0000')": [-2.2204460898221907e-16, 1.9707863338659575, 1.9999999864888007, -2.220446049250313e-16], "('1', '2', '0001')": [-2.2204460492503136e-16, 1.9999999999999996, 1.7499998888689294, -0.999999468559], "('1', '2', '0010')": [-2.220446049250313e-16, 1.9999999997834592, -0.9919, -2.220446049250313e-16], "('1', '2', '0011')": [-2.220446049251102e-16, 1.9999999999999996, 0, -0.7], "('1', '2', '0100')": [-2.220446049250313e-16, -0.7, 1.9999575766737285, 0], "('1', '2', '0101')": [-2.0993665358237553e-10, -0.7, 1.944379074971616, 0], "('1', '2', '0110')": [-1.4469000000480796, -1.0, -1.0, -1.155], "('1', '2', '0111')": [-1.155057989661176, -0.99999822853, -0.99999822853, -0.9999940950999999], "('1', '2', '1000')": [-0.99993439, 1.999999999950306, 1.975968578623251, -1.4769530257086737e-15], "('1', '2', '1001')": [0, 1.939817290008297, 1.9999999999999996, -0.7], "('1', '2', '1010')": [-0.7, 1.9999999999999996, 0, 0], "('1', '2', '1011')": [-0.7, 1.9999999999999996, 0, 0], "('1', '2', '1100')": [-0.7, -0.7, 1.9999957656986433, 0], "('1', '2', '1101')": [-0.7, -0.7, 1.9408031607276606, 0], "('1', '2', '1110')": [-0.9099999999999999, -0.9099999999999999, -0.9099999999999999, -0.8743476763396469], "('1', '2', '1111')": [-0.9975700000000001, -0.9975700000000001, -0.9919, -0.9919], "('1', '3', '0000')": [-2.220446049250313e-16, 1.9999999999999996, -2.220446049250313e-16, 1.9803112123422753], "('1', '3', '0001')": [-0.973, 1.999917307153606, -1.0, -0.973], "('1', '3', '0010')": [-2.2212293959989006e-16, 1.9999999886671005, -0.999271, 1.8369081349972458], "('1', '3', '0011')": [-2.224139196407504e-16, 1.975561012003621, 0, 0], "('1', '3', '0100')": [-2.2210353709177553e-16, -0.9099999999999999, -0.0022113022420619426, 1.9999999946726028], "('1', '3', '0101')": [-1.3980652173913626, -1.0, -1.1550000000000917, -1.0], "('1', '3', '0110')": [-0.7691803, -0.7, -0.7, 1.999942843745557], "('1', '3', '0111')": [-1.156071981497948, -0.9999999999651321, -0.9999999999651321, -0.9999999998837739], "('1', '3', '1000')": [-0.9999940950999999, 1.9067004495816122, -3.654940206809922e-13, 1.9999999799910895], "('1', '3', '1001')": [-0.7, 1.9999999999993996, 0, -0.7], "('1', '3', '1010')": [-0.9099999999999999, 1.9999999904876187, -0.7, 0], "('1', '3', '1011')": [-0.7, 1.9999999809886806, 0, 0], "('1', '3', '1100')": [-0.7, -0.7, -0.017370068098960342, 1.9999999999997464], "('1', '3', '1101')": [-0.99993439, -0.99993439, -1.2430003718508744, -0.9997813], "('1', '3', '1110')": [-0.7, -0.7, -0.7, 1.9999999992122417], "('1', '3', '1111')": [-0.9099999999999999, -0.9099999999999999, -0.9099999999999999, -0.9099999999999999], "('1', 'NA', '0000')": [-2.2204460492503146e-16, 1.9999999671619706, -2.220446049272461e-16, -2.2204460492503136e-16], "('1', 'NA', '0001')": [-0.973, 1.9999047387349473, -2.2204460492482226e-16, -0.7], "('1', 'NA', '0010')": [-1.0000000000000002, 1.9999999999942593, -0.9099999999999999, -2.220446049250313e-16], "('1', 'NA', '0011')": [-0.973, 1.999999999992244, 0, -0.7], "('1', 'NA', '0100')": [-0.9099999999999999, -0.7, -3.818381449897724e-05, -0.5633721455392438], "('1', 'NA', '0101')": [-0.9099999999999999, -0.7, -1.8895531726168766e-05, -0.7], "('1', 'NA', '0110')": [-0.9999999958086782, -0.7, -0.7, -4.89861249182126e-07], "('1', 'NA', '0111')": [-0.9919002673016972, -0.973, -0.973, -0.9099999999999999], "('1', 'NA', '1000')": [-0.99999995217031, 1.9999999999868296, -2.22045868438219e-16, -2.220446049250313e-16], "('1', 'NA', '1001')": [-0.7, 1.9999999999827964, 0, 0], "('1', 'NA', '1010')": [-0.7, 1.9999999999999967, 0, -9.24442613184181e-16], "('1', 'NA', '1011')": [-0.7, 1.9999999999999996, 0, 0], "('1', 'NA', '1100')": [-0.9999999998837739, -0.9999999996125795, -1.4144413043478354, -1.3056729399953242], "('1', 'NA', '1101')": [-0.9999940950999999, -0.999980317, -1.3057154447047683, -0.999980317], "('1', 'NA', '1110')": [-0.9919, -0.9919, -0.973, -1.4247599453602546], "('1', 'NA', '1111')": [-0.7, -0.7, -0.7, -0.7], "('NA', '2', '0000')": [-2.220446049250313e-16, -2.220446049250313e-16, 1.9999729369882924, -7.484433327853424e-05], "('NA', '2', '0001')": [-2.220446049250313e-16, -5.960405285498044e-09, 1.9999999999603597, -0.99999995217031], "('NA', '2', '0010')": [-1.000000002107465, -1.2928918969415435e-08, -0.9919, -1.000000929874616],