{"('0', '2', '0000')": [1.9999999999998885, -2.220446049250313e-16, 1.9999999999999813, -2.220446049250313e-16], "('0', '2', '0001')": [1.9999999983085037, -0.07560000000000015, 1.9999999999958082, -0.9999998405677], "('0', '2', '0010')": [1.9999999999999996, -2.220446049250313e-16, -0.9099999999999999, -2.220446049250313e-16], "('0', '2', '0011')": [1.9999999999999996, 0, 0, 0], "('0', '2', '0100')": [1.9999999999999996, -1.0, 1.99994933625233, -2.220446049250313e-16], "('0', '2', '0101')": [1.9999999999999996, -0.973, 0, -0.7], "('0', '2', '0110')": [1.9999999999999996, 0, 0, 0], "('0', '2', '0111')": [1.9999999999999996, 0, 0, 0], "('0', '2', '1000')": [-0.9919, -6.545056770022211e-05, 1.9999999999990052, -2.220446049250313e-16], "('0', '2', '1001')": [-0.7, -2.220446049250313e-16, 1.999999999161029, 0], "('0', '2', '1010')": [-0.9099999999999999, -1.158286145694543, -0.7, -1.0084260146013877], "('0', '2', '1011')": [-0.7, -1.0084260146013615, 0, 0], "('0', '2', '1100')": [-0.7, -0.7, 1.9999999999999996, 0], "('0', '2', '1101')": [-0.7, -0.7, 1.9999999999999996, 0], "('0', '2', '1110')": [-0.7, 0, 0, 0], "('0', '2', '1111')": [0, 0, 0, 0], "('0', '3', '0000')": [1.9999999999999996, -2.220446049250313e-16, -2.220446049250313e-16, 1.9999999999999996], "('0', '3', '0001')": [1.7710999999999997, -2.220446049250318e-16, -2.220446049250313e-16, -0.99993439], "('0', '3', '0010')": [1.9965492379067038, -2.220446049250313e-16, -0.999999985651093, 1.9999999964706854], "('0', '3', '0011')": [1.9999999999659916, 0, 0, 0], "('0', '3', '0100')": [1.9999999999999996, -1.0, -2.220446049250313e-16, 1.9999993487845922], "('0', '3', '0101')": [1.9999999999999996, 0, 0, 0], "('0', '3', '0110')": [1.998018139003589, -0.7, -0.7, 1.9999999999999996], "('0', '3', '0111')": [1.9999999999999996, 0, 0, 0], "('0', '3', '1000')": [-0.9975700000000001, 0, 0, 1.9999817356373], "('0', '3', '1001')": [-0.9975700000000001, -1.155, -1.428, -0.9975700000000001], "('0', '3', '1010')": [-0.7, -2.220446049250313e-16, -0.7, 1.9999999999922662], "('0', '3', '1011')": [-0.7, -1.4443799999999998, 0, 0], "('0', '3', '1100')": [-0.7, -0.7, -2.220446049250125e-16, 1.9999999999999996], "('0', '3', '1101')": [-0.7, -0.7, 0, 0], "('0', '3', '1110')": [-0.7, -0.7, -0.7, 1.9999999999999996], "('0', '3', '1111')": [0, 0, 0, 0], "('0', 'NA', '0000')": [1.9999999999998226, -0.062477443707464886, -2.220446049825173e-16, -2.220446049250313e-16], "('0', 'NA', '0001')": [1.9999999998988873, 0, -2.220446049250313e-16, 0], "('0', 'NA', '0010')": [1.9999620665593105, 0, -0.7, 0], "('0', 'NA', '0011')": [1.9999999999999996, 0, 0, 0], "('0', 'NA', '0100')": [1.9999999999999996, -0.9999998405677, -2.220446049250313e-16, -2.220446049250313e-16], "('0', 'NA', '0101')": [1.9999999999999996, 0, 0, 0], "('0', 'NA', '0110')": [1.9999999999999996, 0, 0, 0], "('0', 'NA', '0111')": [1.9999999999999996, 0, 0, 0], "('0', 'NA', '1000')": [-0.7, -1.0, -0.34055000000000013, -0.3565968588352834], "('0', 'NA', '1001')": [-0.7, 0, 0, 0], "('0', 'NA', '1010')": [0, 0, 0, 0], "('0', 'NA', '1011')": [0, 0, 0, 0], "('0', 'NA', '1100')": [-0.7, -0.7, 0, 0], "('0', 'NA', '1101')": [-0.7, -0.7, 0, 0], "('0', 'NA', '1110')": [-0.7, 0, 0, 0], "('0', 'NA', '1111')": [0, 0, 0, 0], "('1', '2', '0000')": [-2.220446049250313e-16, 1.9998123723465917, 1.9999999999999996, -2.220446049250313e-16], "('1', '2', '0001')": [-2.220446049250313e-16, 1.9996075426489783, 1.999999999224877, -0.99999822853], "('1', '2', '0010')": [-2.220446049250313e-16, 1.9999999997846152, -0.999271, -2.220446049250313e-16], "('1', '2', '0011')": [-0.9919, 1.9999999999668576, 0, 0], "('1', '2', '0100')": [-2.2204460492503175e-16, -0.973, 1.999999999229599, 0], "('1', '2', '0101')": [-0.9975700000000001, -0.7, 1.9999999999999996, 0], "('1', '2', '0110')": [-1.198330594697892, -0.973, -0.9099999999999999, -1.1111040889689527], "('1', '2', '0111')": [-0.0006748598142002632, -0.7, -0.7, -0.7], "('1', '2', '1000')": [-1.0, 1.9994875486001704, 1.9999999854998411, -2.220446049250313e-16], "('1', '2', '1001')": [-0.7, 1.999999999425702, 1.9999925847315239, -0.7], "('1', '2', '1010')": [-0.7, 1.999999999922804, 0, 0], "('1', '2', '1011')": [-0.7, 1.9999999999999996, 0, 0], "('1', '2', '1100')": [-0.7, -0.7, 1.9999999999336222, 0], "('1', '2', '1101')": [-0.7, -0.7, 0, 0], "('1', '2', '1110')": [-0.7, -0.7, -0.7, 0], "('1', '2', '1111')": [0, 0, 0, 0], "('1', '3', '0000')": [-2.220446049250313e-16, 1.9999999999999996, -2.220446049250313e-16, 1.999158278816528], "('1', '3', '0001')": [-2.220446049250313e-16, 1.9999999999999996, -2.220446049250313e-16, -0.9997813], "('1', '3', '0010')": [-2.220446049250313e-16, 1.9999999999999996, -0.999999985651093, 1.9998637515891478], "('1', '3', '0011')": [-2.2204460492503082e-16, 1.9999999999999996, 0, 0], "('1', '3', '0100')": [-2.220446049250313e-16, -0.9975700000000001, -2.5723292280263593e-13, 1.9999999999999964], "('1', '3', '0101')": [-1.155, -0.999271, -1.428, -0.9975700000000001], "('1', '3', '0110')": [-0.4733645, -0.9099999999999999, -0.7, 1.9999999999999996], "('1', '3', '0111')": [-0.973, -0.9099999999999999, -0.7, -0.7], "('1', '3', '1000')": [-1.0, 1.9999997676499854, -2.220446049250313e-16, 1.9999999999999996], "('1', '3', '1001')": [-0.9099999999999999, 1.9999999999999996, 0, 0], "('1', '3', '1010')": [-0.9099999999999999, 1.9999999999999996, -0.9099999999999999, 1.9998687799999997], "('1', '3', '1011')": [-0.7, 1.9999999999999996, 0, 0], "('1', '3', '1100')": [-0.7, -0.7, -2.220446049250313e-16, 1.9999999999999996], "('1', '3', '1101')": [-0.7, -0.7, 0, 0], "('1', '3', '1110')": [-0.7, -0.7, -0.7, 1.9999999999999996], "('1', '3', '1111')": [0, 0, 0, 0], "('1', 'NA', '0000')": [-2.220446049250313e-16, 1.9999999999999991, -2.220446049250313e-16, -2.220446049250313e-16], "('1', 'NA', '0001')": [-1.0, 1.9999998709434532, -2.2204460463828254e-16, 0], "('1', 'NA', '0010')": [-2.4954399114566298e-14, 1.9999999972967883, -0.7, -2.220446049250313e-16], "('1', 'NA', '0011')": [-0.973, 1.9999999999999996, 0, 0], "('1', 'NA', '0100')": [-0.9099999999999999, -0.7, -7.258416090327066e-14, -0.9999998405677], "('1', 'NA', '0101')": [-0.9099999999999999, -0.7, -2.2204329377384367e-16, -0.7], "('1', 'NA', '0110')": [0, 0, 0, 0], "('1', 'NA', '0111')": [0, 0, 0, 0], "('1', 'NA', '1000')": [-0.9999999998837739, 1.999999999681815, -2.220446049250313e-16, -2.220446049250313e-16], "('1', 'NA', '1001')": [-0.7, 1.9999999999999996, 0, 0], "('1', 'NA', '1010')": [-0.7, 1.9999999999999996, -0.7, 0], "('1', 'NA', '1011')": [-0.7, 1.9999999999999991, 0, 0], "('1', 'NA', '1100')": [-0.9919, -0.9919, -1.437765, -1.298499557605044], "('1', 'NA', '1101')": [-0.7, 0, 0, 0], "('1', 'NA', '1110')": [-0.7, 0, 0, 0], "('1', 'NA', '1111')": [-0.7, 0, 0, 0], "('NA', '2', '0000')": [-2.220446049250313e-16, -2.220446049250313e-16, 1.790502526938114, -2.220446049250313e-16], "('NA', '2', '0001')": [-2.220446049250313e-16, -2.220446049250313e-16, 1.9999999999999996, -1.0], "('NA', '2', '0010')": [-0.35012605389780527, -0.08782803008155964, -0.7, -1.0], "('NA', '2', '0011')": [-1.1111040889689114, -1.2920308389198878, -0.7, 0], "('NA', '2', '0100')": [-1.3033893489740817e-10, -0.9975700000000001, 1.9999999999999996, -1.0], "('NA', '2', '0101')": [-2.2204460492270866e-16, -0.7, 1.9999999999999996, 0], "('NA', '2', '0110')": [-2.221867199369698e-16, -0.7, -0.7, -0.9730026649433352], "('NA', '2', '0111')": [-5.317768447810067e-13, -0.7, -0.7, -0.7], "('NA', '2', '1000')": [-0.9997813, -2.220446049250313e-16, 1.9999999999999705, -1.5943230022204484e-07], "('NA', '2', '1001')": [-0.9099999999999999, -2.5100543035855896e-07, 1.9999999999975455, 0], "('NA', '2', '1010')": [-0.7, -7.994183915680746e-12, 0, 0], "('NA', '2', '1011')": [0, 0, 0, 0], "('NA', '2', '1100')": [-0.7, -0.7, 1.9999999999988947, 0], "('NA', '2', '1101')": [-0.7, -0.7, 1.9999999999999996, 0], "('NA', '2', '1110')": [0, 0, 0, 0], "('NA', '2', '1111')": [0, 0, 0, 0],